〜 (まる) ごと,〜 (まる) ごと,"whole ~, all of ~",N2
(かさを～) さす,(かさを～) さす,to open; hold (an umbrella),N2
〜(日本) 式,～(にほん) しき,"custom,",N2
～位,～い,~th place,N2
～いち (にほんいち),～いち (にほんいち),No. 1 ~ (in),N2
～園,～えん,~ garden (especially man made),N2
～おしまい (おわり),～おしまい (おわり),end up ~,N2
～日,～か,counter for days,N2
～下,～か,under ~,N2
～化,～か,action of making something,N2
～科,～か,"family, group, course",N2
～歌,～か,song of ~,N2
～画,～が,"picture, painting",N2
～外,～がい,out of ~,N2
～難い,～がたい,hard (difficult) to do ~,N2
～がち,～がち,tend to do ~,N2
～刊,～かん,"~ issued (magazine, newspaper)",N2
～間,～かん,"between, during",N2
～巻,～かん,volume,N2
～館,～かん,"~ hall, ~ building",N2
～感,～かん,"feeling, sense, impression",N2
～期,～き,"~age, ~period",N2
～器,～き,"device, equipment",N2
～機,～き,machine,N2
～気味,～ぎみ,slightly ~,N2
～教,～きょう,religion,N2
～行,～ぎょう,"line, row",N2
～業,～ぎょう,type of business,N2
～きる,～きる,"nevertheless, to carry through",N2
～切れ,～きれ,out of ~,N2
～口,～くち,"~ opening; ~ entrance, ~ exit",N2
～家,～け,"~'s family, the house of ~",N2
～形,～けい,shape of ~,N2
～系,～けい,"~ system, ~ lineage, ~ group",N2
～圏,～けん,"bloc, sphere, area",N2
～校,～こう,counter for school,N2
～港,～こう,~ port,N2
～号,～ごう,counter for magazine; the name of ship,N2
～国,～こく,nation of ~,N2
～毎,～ごと,"every ~, each ~",N2
～山,～さん,the name of mountain,N2
～産,～さん,made in ~,N2
～史,～し,history of ~,N2
～紙,～し,"newspaper, type of paper",N2
～寺,～じ,the name of temple,N2
～時間目,～じかんめ,"~th hour, ~th period",N2
～室,～しつ,counter for room,N2
～日,～じつ,day,N2
～車,～しゃ,~ car,N2
～者,～しゃ,person,N2
～社,～しゃ,counter for company,N2
～手,～しゅ,"~ player, person who does ~",N2
～酒,～しゅ,kind of alcohol,N2
～集,～しゅう,collection of ~,N2
～所,～しょ,place,N2
～所,～じょ,place,N2
～女,～じょ,count for sisters,N2
～省,～しょう,kind of ministry,N2
～商,～しょう,"merchant, business",N2
～勝,～しょう,count for victory,N2
～条,～じょう,counter for article,N2
～場,～じょう,"kind of field, ground",N2
～畳,～じょう,"count for tatami, mat",N2
～色,～しょく,kind of color,N2
～過ぎる,～すぎる,too much ~,N2
～済,～ずみ,finished,N2
～席,～せき,counter for seats,N2
～船,～せん,counter for ships,N2
～戦,～せん,"counter for games, matches",N2
～前,～ぜん,before ~,N2
～沿い,～そい,along,N2
～艘,～そう,counter for ships,N2
～足,～そく,counter for shoes,N2
～だらけ,～だらけ,"be full of ~, be filled with ~",N2
～団,～だん,"group, corps, party",N2
～着,～ちゃく,counter for clothes; finishing place,N2
～庁,～ちょう,"office, agency",N2
～兆,～ちょう,trillion,N2
～長,～ちょう,"leader, head",N2
～帳,～ちょう,"~ book, notebook",N2
～丁目,～ちょうめ,"~ district (of a town; city, block)",N2
～通,～つう,counter for letters,N2
～遣い,～づかい,use of ~,N2
～付,～つき,with ~,N2
～続く,～つづく,"follow, continue, go on",N2
～辛い,～づらい,hard to do ~,N2
～滴,～てき,drop,N2
～点,～てん,counter for scores,N2
～頭,～とう,counter for animals,N2
～等,～とう,"level, place",N2
～島,～とう,kind of islands,N2
～道,～どう,"kind of path, road",N2
～通り,～とおり,"in accordance with ~; following ~; ~ street, ~ avenue",N2
～ところ,～ところ,about to do ~,N2
～内,～ない,inside ~,N2
～年生,～ねんせい,counter for school year,N2
～泊,～はく,"counter for staying (e.g., 2 nights)",N2
～発,～はつ,counter for bullets,N2
～番目,～ばんめ,~th,N2
～費,～ひ,cost of ~,N2
～病,～びょう,kind of disease,N2
～部,～ぶ,~ part,N2
～風,～ふう,~ style,N2
～振り,～ぶり,after an interval of ~,N2
～遍,～へん,time,N2
～弁,～べん,"speech, dialect",N2
～歩,～ほ,"step, pace",N2
～ぽい,～ぽい,~ish,N2
～ほう (ひかく),～ほう (ひかく),(in comparison),N2
～みたい,～みたい,looks like ~,N2
～向け,～むけ,for ~,N2
～名,～めい,counter for people,N2
～もち,～もち,person who has ~,N2
～問,～もん,counter for questions,N2
～夜,～や,counter for nights,N2
～等,～ら,plural persons,N2
～流,～りゅう,"fashion, manner, way",N2
～料,～りょう,"fare, charge",N2
～領,～りょう,territory,N2
～力,～りょく,power of ~,N2
～論,～ろん,theory,N2
～羽,～わ,counter for rabbits; birds,N2
相変わらず,あいかわらず,"as usual, as always, as before, as ever, still",N2
アイデア; アイディア,アイデア; アイディア,idea,N2
あいまい,あいまい,"vague, ambiguous",N2
扇ぐ,あおぐ,"to fan, to flap",N2
青白い,あおじろい,pale,N2
呆れる,あきれる,"to be shocked, to be appalled",N2
アクセント,アクセント,accent,N2
あくび,あくび,yawn,N2
飽くまで,あくまで,"to the end, to the last, stubbornly",N2
明くる～,あくる～,"next, following",N2
明け方,あけがた,dawn,N2
憧れる,あこがれる,"to long for, to yearn after",N2
朝寝坊,あさねぼう,"oversleeping, late riser",N2
足跡,あしあと,footprint,N2
足元,あしもと,at one's feet,N2
味わう,あじわう,"to taste, to savor",N2
預かる,あずかる,"to keep in custody, to receive on deposit, to take charge of",N2
温まる,あたたまる,to warm oneself,N2
当たり前,あたりまえ,"natural, reasonable, obvious, usual, common, ordinary, commonplace, the norm",N2
あちらこちら,あちらこちら,here and there,N2
厚かましい,あつかましい,"impudent, shameless,",N2
圧縮,あっしゅく,"compression, condensation, pressure",N2
宛名,あてな,"address, direction",N2
当てはまる,あてはまる,"to be applicable, to come under (a category)",N2
当てはめる,あてはめる,"to apply, to adapt",N2
暴れる,あばれる,"to act violently, to rage",N2
脂,あぶら,"fat, tallow, lard",N2
あぶる,あぶる,"to scorch, to roast",N2
あふれる,あふれる,"to flood, to overflow",N2
雨戸,あまど,sliding storm door,N2
甘やかす,あまやかす,"to pamper, to spoil",N2
余る,あまる,"to be left over, to be in excess",N2
編み物,あみもの,knitting,N2
あみもの,あみもの,"knitting, web",N2
編む,あむ,to knit,N2
危うい,あやうい,"dangerous, critical",N2
怪しい,あやしい,"suspicious, dubious, doubtful",N2
荒い,あらい,"rough, rude, wild",N2
粗い,あらい,"coarse, rough",N2
粗筋,あらすじ,"outline, synopsis",N2
争う,あらそう,"to compete, to contest, to contend to quarrel, to argue, to dispute, to be at variance, to oppose",N2
改めて,あらためて,"another time, again",N2
改める,あらためる,"to change, to reform, to revise",N2
あらわす,あらわす,"to write, to publish",N2
有難い,ありがたい,"grateful, thankful, appreciated",N2
あれこれ,あれこれ,"one thing or another, this and that",N2
荒れる,あれる,"to be stormy, to be rough, to be ruined",N2
慌ただしい,あわただしい,"busy, hurried",N2
慌てる,あわてる,"to become confused (disconcerted, disorganized), to be flustered, to panic, to hurry, to rush, to hasten",N2
安易,あんい,easy-going,N2
案外,あんがい,"unexpectedly, surprisingly",N2
アンテナ,アンテナ,antenna,N2
言い出す,いいだす,"to start talking, to suggest",N2
言い付ける,いいつける,"to tell, to order",N2
意義,いぎ,"meaning, significance",N2
生き生き,いきいき,"vividly, lively",N2
いきなり,いきなり,all of a sudden,N2
幾～,いく～,several ~,N2
育児,いくじ,"childcare, nursing",N2
幾分,いくぶん,somewhat,N2
生け花,いけばな,flower arrangement,N2
以後,いご,after this; from now on; hereafter,N2
イコール,イコール,equal,N2
以降,いこう,"on and after, hereafter",N2
勇ましい,いさましい,"brave, valiant",N2
衣食住,いしょくじゅう,"food, clothing and shelter",N2
いちいち,いちいち,"one by one, separately",N2
一応,いちおう,"tentatively, for the time being",N2
一段と,いちだんと,"by far, greater",N2
一流,いちりゅう,"first class, leading",N2
一昨日,いっさくじつ,day before yesterday,N2
一昨年,いっさくねん,year before last,N2
一斉,いっせい,"simultaneous, all at once",N2
一旦,いったん,"once, for a moment",N2
一定,いってい,"fixed, settled, regular",N2
行っていらっしゃい,いっていらっしゃい,"have a nice day, see you",N2
いってきます,いってきます,"(Lit.) I'll go and come back, 'I'm going, see you later'",N2
いってまいります,いってまいります,"(Lit.) I'll go and come back, 'I'm going, see you later'",N2
行ってらっしゃい,いってらっしゃい,"have a nice day, see you",N2
移転,いてん,"moving, transfer",N2
井戸,いど,water well,N2
緯度,いど,latitude (navigation),N2
威張る,いばる,"to be proud, to swagger",N2
嫌がる,いやがる,"reluctant, to dislike",N2
いよいよ,いよいよ,"more and more, increasingly, at last",N2
煎る,いる,to roast,N2
炒る,いる,"to parch, to roast",N2
入れ物,いれもの,"container, case",N2
インキ,インキ,ink,N2
引力,いんりょく,gravity,N2
ウーマン,ウーマン,woman,N2
ウール,ウール,wool,N2
ウエートレス,ウエートレス,waitress,N2
植木,うえき,"garden shrubs, trees, potted plant",N2
飢える,うえる,to starve,N2
浮ぶ,うかぶ,"to float, to rise to surface, to come to mind",N2
浮かべる,うかべる,to float; to express,N2
浮く,うく,to float,N2
承る,うけたまわる,"(humble) to hear, to be told, to know",N2
受取,うけとり,receipt,N2
受け持つ,うけもつ,to take (be in) charge of,N2
薄暗い,うすぐらい,"dim, gloomy",N2
薄める,うすめる,"to dilute, to water down",N2
打合せ,うちあわせ,"business meeting, previous arrangement",N2
打ち消す,うちけす,"to deny, to negate",N2
写る,うつる,"to be photographed, to be projected",N2
うどん,うどん,udon noodles (Japanese traditional noodles),N2
うなずく,うなずく,to nod,N2
有無,うむ,"existence or nonexistence, presence of absence consent or refusal, yes or no",N2
埋める,うめる,"to bury, to fill up, to fill (a seat, a vacant position)",N2
敬う,うやまう,"to show respect, to honor",N2
裏返す,うらがえす,"to turn inside out, to turn (something) over",N2
裏口,うらぐち,"backdoor, rear entrance",N2
占う,うらなう,"to predict, to divine",N2
恨み,うらみ,resentment,N2
恨む,うらむ,"to curse, to feel bitter",N2
羨む,うらやむ,to envy,N2
売上,うりあげ,"amount sold, proceeds",N2
売り上げ,うりあげ,"amount sold, sales, proceeds, takings, turnover",N2
売り切れ,うりきれ,sold-out,N2
売り切れる,うりきれる,to be sold out,N2
売行き,うれゆき,sales,N2
売れ行き,うれゆき,"sales, demand",N2
うろうろ,うろうろ,"loitering, aimless wandering",N2
上～,うわ～,upper ~,N2
運河,うんが,"canal, waterway",N2
うんと,うんと,"a great deal, very much",N2
英文,えいぶん,sentence in English,N2
英和,えいわ,"English-Japanese (e.g., dictionary)",N2
ええと,ええと,"let me see, well, er...",N2
液体,えきたい,"liquid, fluid",N2
エチケット,エチケット,etiquette,N2
絵の具,えのぐ,"colors, paints",N2
エプロン,エプロン,apron,N2
偉い,えらい,"great, celebrated, remarkable,",N2
宴会,えんかい,"party, banquet",N2
園芸,えんげい,"horticulture, gardening",N2
演劇,えんげき,play (theatrical),N2
円周,えんしゅう,circumference,N2
遠足,えんそく,"trip, hike, picnic",N2
延長,えんちょう,"extension, prolongation",N2
煙突,えんとつ,chimney,N2
オーケストラ,オーケストラ,orchestra,N2
オートメーション,オートメーション,automation,N2
追いかける,おいかける,to chase or run after someone,N2
追い越す,おいこす,"to pass (e.g., car), to outdistance, to outstrip",N2
オイル,オイル,oil,N2
応援,おうえん,"aid, assistance, help, support, reinforcement cheering, rooting (for), support",N2
王女,おうじょ,princess,N2
応ずる,おうずる,"to respond, to comply with",N2
応接,おうせつ,reception,N2
応対,おうたい,"receiving, dealing with",N2
往復,おうふく,"(col) round trip, coming and going, return ticket",N2
欧米,おうべい,"Europe and America, the West",N2
応用,おうよう,"application, put to practical use",N2
おおざっぱ,おおざっぱ,"rough (not precise), broad, sketchy",N2
大通り,おおどおり,main street,N2
大凡,おおよそ,"about, approximately",N2
お帰り,おかえり,"return, welcome",N2
おかけください,おかけください,please sit down,N2
おかげさまで,おかげさまで,"Thanks to god, thanks to you",N2
おかず,おかず,"side dish, accompaniment for rice dishes",N2
おかまいなく,おかまいなく,please don't fuss over me,N2
拝む,おがむ,"to worship, to pray",N2
お代わり,おかわり,"second helping, another cup",N2
補う,おぎなう,to compensate for,N2
お気の毒に,おきのどくに,I'm sorry to hear that…,N2
屋外,おくがい,outdoors,N2
送り仮名,おくりがな,part of word written in kana,N2
お元気で,おげんきで,Take care',N2
怠る,おこたる,"to neglect, to fail",N2
押さえる,おさえる,"to pin down, to hold down, to press down, to hold in place, to hold steady to cover (esp. a part of one's body with one's hand), to clutch (a body part in pain), to press (a body part) to get a hold of, to obtain, to seize, to catch, to arrest",N2
お先に,おさきに,"before, after you",N2
伯父,おじ,(humble) uncle (older than one's parent),N2
叔父,おじ,uncle (younger than one's parent),N2
惜しい,おしい,"regrettable, disappointing",N2
伯父さん,おじさん,"(hon.) middle-aged gentleman, uncle",N2
小父さん,おじさん,"(hon.) middle-aged gentleman, uncle",N2
叔父さん,おじさん,"(hon.) middle-aged gentleman, uncle",N2
お邪魔します,おじゃまします,Excuse me for disturbing you,N2
お世話になりました,おせわになりました,I've been in your care,N2
お大事に,おだいじに,"Take care of yourself, Take care!, Get well soon",N2
落着く,おちつく,"to calm down, to settle down",N2
お出掛け,おでかけ,outing,N2
お手伝いさん,おてつだいさん,maid,N2
脅かす,おどかす,"to threaten, to coerce",N2
落し物,おとしもの,lost property,N2
驚かす,おどろかす,"to surprise, to frighten",N2
お願いします,おねがいします,"Please (lit., I request)",N2
各々,おのおの,"each, every, either",N2
伯母,おば,(humble) aunt (older than one's parent),N2
叔母,おば,aunt (younger than one's parent),N2
小母さん,おばさん,"lady, woman, ma'am",N2
おはよう,おはよう,(abbr.) Good morning,N2
お参り,おまいり,"worship, shrine visit",N2
お待たせしました,おまたせしました,Sorry to have kept you waiting,N2
お待ちください,おまちください,Please wait a moment,N2
おまちどおさま,おまちどおさま,Sorry to have kept you waiting,N2
おめでたい,おめでたい,"happy event, matter for congratulation",N2
思い掛けない,おもいがけない,"unexpected, casual",N2
思い切り,おもいきり,"with all one's strength (heart), resignation, resolution",N2
思い込む,おもいこむ,"to be under impression that, to be convinced that",N2
思いっ切り,おもいっきり,"very, much, fully",N2
思いっきり,おもいっきり,to the best of one's ability,N2
重たい,おもたい,"heavy, massive, serious",N2
お休み,おやすみ,"holiday, absence; (exp.) Good night",N2
おやつ,おやつ,"between meal snack, afternoon refreshment",N2
親指,おやゆび,thumb,N2
オルガン,オルガン,organ,N2
御～,おん～,honorific ~,N2
恩恵,おんけい,"blessing, benefit",N2
温室,おんしつ,greenhouse,N2
温泉,おんせん,"spa, hot spring",N2
温帯,おんたい,temperate zone,N2
御中,おんちゅう,Messrs.,N2
女の人,おんなのひと,woman,N2
蚊,か,mosquito,N2
カーブ,カーブ,curve; curve ball (baseball),N2
貝,かい,"shell, shellfish",N2
外～,がい～,"foreign ~, outside ~",N2
開会,かいかい,opening of a meeting,N2
会館,かいかん,"meeting hall, assembly hall",N2
改札,かいさつ,examination of tickets,N2
解散,かいさん,"breakup, dissolution",N2
海水浴,かいすいよく,"sea bathing, seawater bath",N2
回数,かいすう,"number of times, frequency",N2
回数券,かいすうけん,book of tickets,N2
改正,かいせい,"revision, amendment, alteration",N2
快晴,かいせい,good weather,N2
解説,かいせつ,"explanation, commentary",N2
改造,かいぞう,remodeling,N2
開通,かいつう,"opening, open",N2
回転,かいてん,"rotation, turning",N2
解答,かいとう,"answer, solution",N2
回答,かいとう,"reply, answer",N2
外部,がいぶ,"the outside, external",N2
解放,かいほう,"release, liberation, emancipation",N2
開放,かいほう,"open, throw open, liberalization",N2
海洋,かいよう,ocean,N2
概論,がいろん,"introduction, general remark",N2
却って,かえって,"on the contrary, rather",N2
家屋,かおく,"house, building",N2
係わる,かかわる,"to concern oneself in, to be involved in",N2
書留,かきとめ,registered mail,N2
書取,かきとり,dictation,N2
垣根,かきね,hedge,N2
限り,かぎり,"limit(s), as far as possible",N2
各～,かく～,"every ~, each ~",N2
架空,かくう,"imaginary, fiction, fanciful",N2
各自,かくじ,"individual, each",N2
拡充,かくじゅう,expansion,N2
学術,がくじゅつ,"science, learning, scholarship",N2
各地,かくち,various parts of the country,N2
拡張,かくちょう,"expansion, extension",N2
角度,かくど,angle,N2
学年,がくねん,"year in school, grade in school",N2
学部,がくぶ,"department of a university undergraduate (course, program, etc.)",N2
格別,かくべつ,exceptional,N2
確率,かくりつ,probability,N2
学力,がくりょく,"scholarship, knowledge",N2
掛け算,かけざん,multiplication,N2
かけざん,かけざん,multiplication,N2
可決,かけつ,"approval, adoption (e.g., motion, bill), passage",N2
火口,かこう,crater (of a volcano),N2
下降,かこう,"decline, descent, fall",N2
重ねる,かさねる,"to pile up, to heap up, to stack up, to put on top of another to repeat many times over, to go through repeatedly, to accumulate",N2
飾り,かざり,"decoration, ornament, trimmings",N2
火山,かざん,volcano,N2
かしこまりました,かしこまりました,Certainly,N2
貸し出し,かしだし,"lending, loaning",N2
過失,かしつ,"error, mistake, negligence",N2
果実,かじつ,fruit,N2
貸間,かしま,room to let,N2
貸家,かしや,house for rent,N2
箇所,かしょ,"place, point, part",N2
かしょ,かしょ,"passage, place",N2
過剰,かじょう,"excess, over-",N2
かじる,かじる,"to chew, to bite (at)",N2
課税,かぜい,taxation,N2
カセット,カセット,cassette (tape),N2
下線,かせん,"underline, underscore",N2
加速,かそく,acceleration,N2
加速度,かそくど,acceleration,N2
かたかな,かたかな,katakana,N2
かたづく,かたづく,"to put in order, to dispose of, to solve",N2
塊,かたまり,"lump, mass, cluster",N2
固まる,かたまる,"to harden, to solidify, to become firm",N2
片道,かたみち,one-way (trip),N2
傾く,かたむく,"to incline toward, to slant, to lurch",N2
片寄る,かたよる,"to be one-sided, to incline, to be partial",N2
学科,がっか,"study subject, course of study",N2
学会,がっかい,academic conference,N2
楽器,がっき,musical instrument,N2
学級,がっきゅう,class,N2
担ぐ,かつぐ,"to shoulder, to carry on shoulder",N2
括弧,かっこ,"parenthesis, brackets",N2
活字,かつじ,printing type,N2
勝手に,かってに,"arbitrarily,",N2
活躍,かつやく,"activity (esp. energetic or successful), great efforts, active participation",N2
活力,かつりょく,"vitality, energy",N2
課程,かてい,"course, curriculum",N2
仮名,かな,kana,N2
仮名遣い,かなづかい,"kana orthography, syllabary spelling",N2
鐘,かね,"bell (often a large hanging bell), chime",N2
加熱,かねつ,heating,N2
兼ねる,かねる,to simultaneously serve two or more functions,N2
カバー,カバー,"cover (e.g., book)",N2
過半数,かはんすう,majority,N2
かび (～がはえる),かび (～がはえる),"mold, mildew",N2
被せる,かぶせる,to cover (with something),N2
釜,かま,"iron pot, kettle",N2
構いません,かまいません,it's all right; one doesn’t mind,N2
紙屑,かみくず,wastepaper,N2
神様,かみさま,god,N2
剃刀,かみそり,razor,N2
ガム,ガム,chewing gum,N2
貨物,かもつ,"cargo, freight",N2
歌謡,かよう,"song, ballad",N2
殻,から,"shell, husk, hull, pod, chaff",N2
カラー,カラー,"collar, color",N2
からかう,からかう,"to ridicule, to make fun of",N2
空っぽ,からっぽ,"empty, vacant, hollow",N2
かるた,かるた,playing cards (POR: carta),N2
枯れる,かれる,"to wither, to die (plant), to be blasted (plant)",N2
カロリー,カロリー,calorie,N2
可愛がる,かわいがる,"to love, to be affectionate",N2
乾かす,かわかす,"to dry (clothes, etc.), to desiccate",N2
為替,かわせ,"money order, exchange",N2
瓦,かわら,roof tile,N2
間隔,かんかく,"space, interval space character, whitespace",N2
換気,かんき,ventilation,N2
感激,かんげき,"deep emotion, impression, inspiration",N2
関西,かんさい,"south-western half of Japan, including Osaka",N2
元日,がんじつ,New Year's Day,N2
鑑賞,かんしょう,appreciation,N2
感ずる,かんずる,"to feel, to sense",N2
間接,かんせつ,"indirect, indirectness",N2
乾燥,かんそう,"dry, arid, insipid, dehydrated",N2
感想,かんそう,"impressions, thoughts, feelings, reactions",N2
観測,かんそく,observation,N2
寒帯,かんたい,frigid zone,N2
勘違い,かんちがい,"misunderstanding, wrong guess",N2
官庁,かんちょう,"government office, authorities",N2
缶詰,かんづめ,"canning, canned goods,",N2
乾電池,かんでんち,"dry cell, battery",N2
関東,かんとう,"eastern half of Japan, including Tokyo",N2
観念,かんねん,"idea, notion; sense",N2
乾杯,かんぱい,Cheers! (a toast),N2
看板,かんばん,"sign, signboard",N2
看病,かんびょう,nursing (a patient),N2
冠,かんむり,"crown, wreath",N2
漢和,かんわ,"Chinese Character-Japanese (e.g., dictionary)",N2
気圧,きあつ,atmospheric pressure,N2
着替え,きがえ,"changing clothes, change of clothes",N2
着替える,きがえる,to change (one's) clothes,N2
機関車,きかんしゃ,"locomotive, engine",N2
飢饉,ききん,famine,N2
器具,きぐ,instrument,N2
期限,きげん,"term, period, time frame time limit, deadline, cutoff (date)",N2
記号,きごう,"symbol, code",N2
刻む,きざむ,"to mince, to carve, to engrave",N2
儀式,ぎしき,"ceremony, rite, ritual",N2
基準,きじゅん,"standard, basis, criteria",N2
規準,きじゅん,"standard, basis, criteria",N2
起床,きしょう,"rising, getting out of bed",N2
着せる,きせる,to put on clothes,N2
基礎,きそ,"foundation, basis",N2
基地,きち,base,N2
きっかけ,きっかけ,"prompt, trigger, cue",N2
切っ掛け,きっかけ,"chance, start, cue, excuse, motive, impetus, occassion",N2
ぎっしり,ぎっしり,"tightly, fully",N2
基盤,きばん,"foundation, basis",N2
客席,きゃくせき,guest seating,N2
客間,きゃくま,"parlor, guest room",N2
ギャング,ギャング,gang,N2
キャンパス,キャンパス,campus,N2
休業,きゅうぎょう,"closure, shutdown, holiday",N2
休講,きゅうこう,lecture canceled,N2
休息,きゅうそく,"rest, relief, relaxation",N2
給与,きゅうよ,salary,N2
休養,きゅうよう,"rest, break, recreation",N2
清い,きよい,"clear, pure, noble",N2
強化,きょうか,"strengthen, intensify, reinforce",N2
境界,きょうかい,boundary,N2
共産～,きょうさん～,communist ~,N2
行事,ぎょうじ,"event, function",N2
恐縮,きょうしゅく,sorry to trouble,N2
教養,きょうよう,"culture, education, sophistication",N2
行列,ぎょうれつ,"line, procession; matrix (math)",N2
漁業,ぎょぎょう,fishing (industry),N2
曲線,きょくせん,curve,N2
規律,きりつ,"order, rules, law",N2
斬る,きる,"to behead, to murder",N2
気を付ける,きをつける,"to be careful, to pay attention, to take care",N2
琴,きん,13-string Japanese zither,N2
金魚,きんぎょ,goldfish,N2
クーラー,クーラー,air conditioner,N2
区域,くいき,"zone, district, area",N2
空～,くう～,empty ~,N2
偶数,ぐうすう,even number,N2
空想,くうそう,"daydream, fantasy",N2
空中,くうちゅう,"sky, air",N2
釘,くぎ,nail,N2
区切る,くぎる,"to punctuate, to cut off, to mark off",N2
櫛,くし,comb,N2
くしゃみ,くしゃみ,sneeze,N2
苦情,くじょう,"complaint, grievance, grumble",N2
苦心,くしん,"pain, trouble",N2
屑,くず,"waste, scrap",N2
崩す,くずす,"to destroy, to make change (money)",N2
薬指,くすりゆび,ring finger,N2
崩れる,くずれる,"to collapse, to crumble",N2
砕く,くだく,"to break, to smash",N2
砕ける,くだける,"to break, to be broken",N2
くたびれる,くたびれる,"to get tired, to wear out",N2
くだらない,くだらない,"good-for-nothing, stupid, worthless",N2
下る,くだる,"to descend, to go down, to come down",N2
唇,くちびる,lip,N2
口紅,くちべに,lipstick,N2
くっつく,くっつく,"to adhere to, to keep close to",N2
くっつける,くっつける,to attach,N2
くどい,くどい,"verbose, importunate, heavy (taste)",N2
句読点,くとうてん,punctuation marks,N2
配る,くばる,"to distribute, to deliver",N2
工夫,くふう,"device, artifice, ingenuity",N2
区分,くぶん,"division, section, classification",N2
組合せ,くみあわせ,combination,N2
組み立てる,くみたてる,"to assemble, to set up, to construct",N2
悔やむ,くやむ,"to regret, to mourn",N2
クリーニング,クリーニング,"cleaning, dry cleaning, laundry service",N2
くるむ,くるむ,"to be enveloped by, to wrap up",N2
くれぐれも,くれぐれも,"repeatedly, sincerely, earnestly",N2
郡,ぐん,"district, county",N2
稽古,けいこ,"practice, training, study",N2
敬語,けいご,"honorific language (lit., respect language)",N2
蛍光灯,けいこうとう,fluorescent lamp,N2
形式,けいしき,"form, formality, format",N2
継続,けいぞく,continuation,N2
毛糸,けいと,knitting wool,N2
経度,けいど,longitude,N2
系統,けいとう,"system, genealogy",N2
芸能,げいのう,"public entertainment, performing arts",N2
競馬,けいば,horse racing,N2
警備,けいび,"defense, guard, policing, security",N2
形容詞,けいようし,adjective,N2
形容動詞,けいようどうし,"adjectival noun, quasi-adjective",N2
外科,げか,surgical department,N2
毛皮,けがわ,"fur, skin, pelt",N2
激増,げきぞう,sudden increase,N2
下車,げしゃ,"alighting, getting off",N2
下旬,げじゅん,month (last third of),N2
下水,げすい,"drainage, sewage, ditch, gutter, sewerage",N2
削る,けずる,"to cut down little by little, to take a percentage",N2
桁,けた,"column, beam, digit",N2
下駄,げた,"(Japanese footwear), wooden clogs",N2
血圧,けつあつ,blood pressure,N2
月給,げっきゅう,monthly salary,N2
傑作,けっさく,"masterpiece, best work",N2
月末,げつまつ,end of the month,N2
気配,けはい,"indication, sign, hint",N2
下品,げひん,"vulgar, indecent, coarse",N2
下品(な),げひん(な),vulgar,N2
煙い,けむい,smoky,N2
険しい,けわしい,"steep, rugged; severe",N2
現～,げん～,"present, incumbent",N2
見学,けんがく,"tour, study by observation",N2
謙虚,けんきょ,"modesty, humble",N2
原稿,げんこう,"manuscript, copy",N2
原産,げんさん,place of origin,N2
原始,げんし,"origin, primeval",N2
研修,けんしゅう,training,N2
厳重,げんじゅう,"strict, severe, firm",N2
謙遜,けんそん,"humble, humility, modesty",N2
県庁,けんちょう,prefectural office,N2
限度,げんど,"limit, bounds",N2
現に,げんに,"actually, really",N2
顕微鏡,けんびきょう,microscope,N2
懸命,けんめい,"eagerness, strenuous",N2
原理,げんり,"principle, theory, fundamental truth",N2
原料,げんりょう,raw materials,N2
碁,ご,go (board game),N2
小～,こ～,small ~,N2
コース,コース,course,N2
コーラス,コーラス,chorus,N2
恋しい,こいしい,"dear, beloved; to miss",N2
高～,こう～,high (level) ~,N2
工員,こういん,factory worker,N2
強引,ごういん,"forcible, assertive, pushy",N2
公害,こうがい,"public nuisance, pollution",N2
高級,こうきゅう,high class; first-rate,N2
公共,こうきょう,"public, community, communal",N2
工芸,こうげい,industrial arts,N2
孝行,こうこう,filial piety,N2
交差,こうさ,cross,N2
講師,こうし,lecturer,N2
工事,こうじ,construction work,N2
公式,こうしき,"formula, formality, official",N2
口実,こうじつ,excuse,N2
こうして,こうして,"like this, with this",N2
校舎,こうしゃ,"school building, schoolhouse",N2
公衆,こうしゅう,the public,N2
香水,こうすい,perfume,N2
公正,こうせい,"justice, fairness, impartiality",N2
功績,こうせき,"achievements, merit",N2
光線,こうせん,"beam, light ray",N2
高層,こうそう,"tall, high rise",N2
構造,こうぞう,"structure, construction",N2
交替,こうたい,"change, relief, alteration",N2
交代,こうたい,"alternation, change, relief, relay, shift, substitution (sports, etc.), taking turns",N2
耕地,こうち,arable land,N2
交通機関,こうつうきかん,transportation facilities,N2
校庭,こうてい,school yard,N2
肯定,こうてい,"positive, affirmation",N2
高度,こうど,"altitude, height; advanced",N2
高等,こうとう,"high class, high grade",N2
合同,ごうどう,"combination, incorporation",N2
高等学校,こうとうがっこう,senior high school,N2
公表,こうひょう,"official announcement, proclamation",N2
鉱物,こうぶつ,mineral,N2
公務,こうむ,"official business, public business",N2
項目,こうもく,item,N2
紅葉,こうよう,fall colors (of leaves),N2
こうよう もみじ,こうよう もみじ,(Japanese) maple,N2
合理,ごうり,rational,N2
交流,こうりゅう,exchange; alternating current,N2
合流,ごうりゅう,"confluence, merge, join",N2
効力,こうりょく,"effect, efficacy",N2
焦がす,こがす,"to burn, to scorch",N2
国王,こくおう,king,N2
こくせき,こくせき,nationality,N2
国立,こくりつ,national,N2
ご苦労様,ごくろうさま,Thank you for your hard work,N2
焦げる,こげる,"to burn, to be burned",N2
凍える,こごえる,"to freeze, to be chilled, to be frozen",N2
心当たり,こころあたり,"having some knowledge of, happening to know",N2
心得る,こころえる,"to understand, to have thorough knowledge",N2
腰掛け,こしかけ,"seat, bench",N2
腰掛,こしかけ,"seat, bench",N2
腰掛ける,こしかける,to sit (down),N2
五十音,ごじゅうおん,the Japanese syllabary,N2
こしらえる,こしらえる,"to make, to manufacture",N2
擦る,こする,"to rub, to chafe, to file, to frost (glass), to strike (match)",N2
個体,こたい,an individual,N2
ごちそうさま,ごちそうさま,Thank you for the meal,N2
こちらこそ,こちらこそ,it is I who should say so,N2
小遣い,こづかい,"pocket money, allowance",N2
コック,コック,"cook; tap, cock",N2
こっそり,こっそり,"stealthily, secretly",N2
古典,こてん,"classics, classic",N2
言付ける,ことづける,to leave a message,N2
言葉遣い,ことばづかい,"speech, expression, wording",N2
こないだ,こないだ,"the other day, lately, recently",N2
御無沙汰,ごぶさた,not writing or contacting for a while,N2
ゴム,ゴム,"gum, rubber",N2
御免,ごめん,"declining (something); pardon, sorry",N2
ごめんください,ごめんください,"May I come in, Is anyone here",N2
小指,こゆび,little finger,N2
堪える,こらえる,"to bear, to endure, to put up with",N2
娯楽,ごらく,"pleasure, amusement, recreation",N2
御覧,ごらん,"(hon.) look, inspection, try",N2
コレクション,コレクション,collection; correction,N2
転がす,ころがす,to roll,N2
転がる,ころがる,"to roll, to tumble",N2
紺,こん,"navy blue, deep blue",N2
今～,こん～,"this, current",N2
コンクール,コンクール,contest (FRE: concours),N2
コンクリート,コンクリート,concrete,N2
混合,こんごう,"mixing, mixture",N2
コンセント,コンセント,consent; power outlet,N2
献立,こんだて,menu,N2
こんばんは,こんばんは,good evening,N2
サークル,サークル,"circle, sports club (e.g., at a company)",N2
再～,さい～,re ~,N2
最～,さい～,the most ~,N2
在学,ざいがく,(enrolled) in school,N2
再三,さいさん,"again and again, repeatedly",N2
祭日,さいじつ,"national holiday, festival day",N2
催促,さいそく,"demand, urge (action), press for",N2
採点,さいてん,"marking, grading",N2
災難,さいなん,"calamity, misfortune",N2
裁縫,さいほう,sewing,N2
材木,ざいもく,"lumber, timber",N2
サイレン,サイレン,siren,N2
逆さ,さかさ,"reverse, upside down",N2
逆様,さかさま,"reverse, upside down",N2
捜す,さがす,"to search, to seek, to look for",N2
遡る,さかのぼる,"to go back, to date back; ascend",N2
酒場,さかば,"bar, bar-room",N2
一昨昨日,さきおととい,"two days before yesterday, three days ago",N2
先程,さきほど,a little while ago,N2
索引,さくいん,"index, indices",N2
作者,さくしゃ,"author, artist",N2
削除,さくじょ,"elimination, deletion",N2
作成,さくせい,"creation, preparation, to make",N2
作製,さくせい,"manufacture, production",N2
探る,さぐる,"to search, to look for, investigate",N2
囁く,ささやく,"to whisper, to murmur",N2
刺さる,ささる,"to stick, to be stuck",N2
匙,さじ,spoon,N2
座敷,ざしき,tatami room,N2
差し支え,さしつかえ,"hindrance, impediment",N2
差し引き,さしひき,"deduction, balance",N2
刺身,さしみ,sliced raw fish,N2
刺す,さす,"to pierce, to stab, to prick, to thrust",N2
流石,さすが,"indeed, truly, as one would expect",N2
撮影,さつえい,photographing,N2
雑音,ざつおん,"noise (jarring, grating)",N2
さっさと,さっさと,quickly,N2
早速,さっそく,"at once, immediately, promptly",N2
錆,さび,rust (color),N2
錆びる,さびる,"to rust, to become rusty",N2
座布団,ざぶとん,cushion (Japanese),N2
妨げる,さまたげる,"to disturb, to prevent",N2
さようなら,さようなら,good-bye,N2
サラリーマン,サラリーマン,salaryman; company employee,N2
騒がしい,さわがしい,noisy,N2
さわやか,さわやか,"fresh, refreshing",N2
三角,さんかく,"triangle, triangular",N2
算数,さんすう,arithmetic,N2
酸性,さんせい,acidity acidic,N2
産地,さんち,producing area,N2
サンプル,サンプル,sample,N2
山林,さんりん,mountain forest,N2
シーズン,シーズン,season (sporting),N2
シーツ,シーツ,sheet,N2
仕上がる,しあがる,to be finished,N2
明明後日,しあさって,two days after tomorrow,N2
寺院,じいん,temple,N2
しいんと (する),しいんと (する),"silent (as the grave), (deathly) quiet",N2
自衛,じえい,self-defense,N2
塩辛,しおから,salty (taste),N2
塩辛い,しおからい,salty (taste),N2
司会,しかい,"host, chairperson",N2
しかく しかくい,しかく しかくい,square,N2
四角い,しかくい,square,N2
仕方がない,しかたがない,"it can't be helped, it's inevitable",N2
時間割,じかんわり,"timetable, schedule",N2
四季,しき,four seasons,N2
敷地,しきち,site,N2
敷く,しく,"to spread out, to lay out",N2
茂る,しげる,to grow thick,N2
持参,じさん,"bringing, taking, carrying",N2
磁石,じしゃく,magnet,N2
四捨五入,ししゃごにゅう,rounding up (fractions),N2
始終,しじゅう,"continuously, always, constantly",N2
自習,じしゅう,self-study,N2
静まる,しずまる,"to quieten down, to calm down",N2
姿勢,しせい,attitude; posture,N2
自然科学,しぜんかがく,natural science,N2
時速,じそく,speed (per hour),N2
子孫,しそん,"descendant, offspring",N2
死体,したい,corpse,N2
下書き,したがき,"rough copy, draft",N2
自宅,じたく,one's own home (same as 自分の家 (じぶんのいえ)),N2
下町,したまち,old parts of town,N2
自治,じち,"self-government, autonomy",N2
室～,しつ～,room,N2
実感,じっかん,"feelings, realization",N2
湿気,しっき,"moisture, humidity, dampness",N2
しつこい,しつこい,"insistent, obstinate",N2
実習,じっしゅう,"practice, training",N2
実績,じっせき,"achievements, actual results",N2
湿度,しつど,level of humidity,N2
執筆,しっぴつ,writing,N2
実物,じつぶつ,an actual thing,N2
しっぽ,しっぽ,tail (animal),N2
実用,じつよう,"practical use, utility",N2
実力,じつりょく,"(real) ability, true strength, merit, efficiency, competency",N2
実例,じつれい,"example, instance",N2
しつれいしました (かん),しつれいしました (かん),"Excuse me., I'm sorry.",N2
失恋,しつれん,"broken heart, unrequited love",N2
指定,してい,"designation, specification, assignment",N2
私鉄,してつ,private railway,N2
児童,じどう,"children, juvenile",N2
縛る,しばる,"to tie, to bind",N2
地盤,じばん,(the) ground,N2
しびれる,しびれる,to become numb,N2
紙幣,しへい,"paper money, notes, bills",N2
しぼむ,しぼむ,"to wither, to shrivel",N2
萎む,しぼむ,"to wither (of flowers, dreams, etc.), to wilt",N2
絞る,しぼる,"to press, to wring, to squeeze",N2
縞,しま,stripe,N2
地味,じみ,"plain, simple, subdued, sober",N2
しみじみ,しみじみ,"keenly, deeply, heartily",N2
氏名,しめい,full name,N2
締切,しめきり,deadline,N2
締め切り,しめきり,"deadline, closing, cut-off, end",N2
締め切る,しめきる,"to close, cancel",N2
しめた (かん),しめた (かん),"I've got it, all right, fine",N2
しめる,しめる,"to be wet, to become wet, to be damp",N2
地面,じめん,"ground, earth's surface",N2
ジャーナリスト,ジャーナリスト,journalist,N2
社会科学,しゃかいかがく,social science,N2
しゃがむ,しゃがむ,to squat,N2
蛇口,じゃぐち,"faucet, tap",N2
弱点,じゃくてん,"weak point, weakness",N2
車庫,しゃこ,"garage, car shed",N2
車掌,しゃしょう,(train) conductor,N2
写生,しゃせい,"sketching, drawing from nature",N2
社説,しゃせつ,editorial,N2
しゃっくり,しゃっくり,"hiccough, hiccup",N2
シャッター,シャッター,shutter,N2
しゃぶる,しゃぶる,"to suck, to chew",N2
車輪,しゃりん,(car) wheel,N2
洒落,しゃれ,"joke, pun, witticism",N2
じゃんけん,じゃんけん,rock-scissors-paper game,N2
重～,じゅう～,heavy ~,N2
集会,しゅうかい,"meeting, assembly",N2
住居,じゅうきょ,"dwelling, house, residence, address",N2
集金,しゅうきん,money collection,N2
集合,しゅうごう,"gathering, assembly",N2
習字,しゅうじ,penmanship,N2
修繕,しゅうぜん,"repair, mending",N2
重体,じゅうたい,"serious condition, critical condition",N2
じゅうたん (カーペット),じゅうたん (カーペット),carpet,N2
終点,しゅうてん,"terminus, last stop (e.g train)",N2
重点,じゅうてん,"important point, lay stress on, emphasis",N2
就任,しゅうにん,"inauguration, assumption of office",N2
周辺,しゅうへん,"circumference, peripheral",N2
重役,じゅうやく,"director, high executive",N2
終了,しゅうりょう,"end, close, termination",N2
重量,じゅうりょう,heavyweight,N2
重力,じゅうりょく,gravity,N2
熟語,じゅくご,"idiom, kanji compound",N2
祝日,しゅくじつ,national holiday,N2
縮小,しゅくしょう,"reduction, curtailment",N2
受験,じゅけん,taking an examination,N2
主語,しゅご,(gram) subject,N2
主人,しゅじん,(one's own) husband,N2
出勤,しゅっきん,"going to work, at work",N2
述語,じゅつご,predicate,N2
出張,しゅっちょう,"official tour, business trip",N2
寿命,じゅみょう,life span,N2
主役,しゅやく,leading part,N2
受話器,じゅわき,(telephone) receiver,N2
循環,じゅんかん,"circulation, rotation, cycle",N2
巡査,じゅんさ,policeman,N2
順々,じゅんじゅん,"in order, in turn",N2
順序,じゅんじょ,"order, sequence, procedure",N2
純情,じゅんじょう,pure heart,N2
純粋,じゅんすい,"pure, genuine, unmixed",N2
初～,しょ～,first ~,N2
諸～,しょ～,various ~,N2
女～,じょ～,things done by women,N2
省～,しょう～,economizing ~,N2
消化,しょうか,digestion,N2
小学生,しょうがくせい,elementary school pupil,N2
しょうがない,しょうがない,It is not worth ~,N2
将棋,しょうぎ,Japanese chess,N2
蒸気,じょうき,"steam, vapor",N2
定規,じょうぎ,(measuring) ruler,N2
上級,じょうきゅう,"advanced level, high grade, senior",N2
商業,しょうぎょう,"commerce, trade, business",N2
消極的,しょうきょくてき,passive,N2
賞金,しょうきん,"prize, monetary award",N2
上下,じょうげ,"high and low, up and down",N2
障子,しょうじ,paper sliding door,N2
商社,しょうしゃ,trading company,N2
乗車,じょうしゃ,"taking a train, entraining",N2
上旬,じょうじゅん,first 10 days of month,N2
小数,しょうすう,"fraction (part of), decimal",N2
生ずる,しょうずる,"to cause, to arise, to be generated",N2
商店,しょうてん,"shop, business firm",N2
焦点,しょうてん,"focus, point",N2
消毒,しょうどく,disinfection,N2
勝敗,しょうはい,"victory or defeat, issue (of battle)",N2
蒸発,じょうはつ,evaporation; unexplained disappearance,N2
賞品,しょうひん,"prize, trophy",N2
上品,じょうひん,"refined, elegant, well-mannered",N2
勝負,しょうぶ,"victory or defeat, game",N2
小便,しょうべん,"(col) urine, piss",N2
消防署,しょうぼうしょ,fire station,N2
正味,しょうみ,net (weight),N2
正面,しょうめん,front,N2
消耗,しょうもう,"exhaustion, consumption",N2
省略,しょうりゃく,"omission, abbreviation, abridgment",N2
初級,しょきゅう,elementary level,N2
助教授,じょきょうじゅ,assistant professor,N2
食塩,しょくえん,table salt,N2
職人,しょくにん,"artisan, craftsman",N2
職場,しょくば,workplace,N2
初旬,しょじゅん,first 10 days of the month,N2
書籍,しょせき,"book, publication",N2
食器,しょっき,tableware,N2
ショップ,ショップ,a shop,N2
書店,しょてん,bookshop,N2
書道,しょどう,calligraphy,N2
初歩,しょほ,"elements, rudiments",N2
白髪,しらが,"white or grey hair, trendy hair bleaching",N2
シリーズ,シリーズ,series,N2
知り合い,しりあい,acquaintance,N2
私立,しりつ,private (establishment),N2
資料,しりょう,"materials, data",N2
汁,しる,"juice, soup",N2
素人,しろうと,"layman, amateur, novice",N2
しわ (かおの～),しわ (かおの～),"wrinkles, creases",N2
芯,しん,"core, heart, wick",N2
新幹線,しんかんせん,"Shinkansen, ""Bullet Train""",N2
真空,しんくう,vacuum,N2
人事,じんじ,"human resources, personnel management",N2
心身,しんしん,mind and body,N2
信ずる,しんずる,to believe,N2
申請,しんせい,"application, request, petition",N2
人造,じんぞう,"man-made, synthetic, artificial",N2
寝台,しんだい,bed,N2
診断,しんだん,diagnosis,N2
侵入,しんにゅう,"invasion, raid, trespass",N2
人文科学,じんぶんかがく,"social sciences, humanities",N2
人命,じんめい,(human) life,N2
深夜,しんや,late at night,N2
森林,しんりん,"forest, woods",N2
親類,しんるい,relative(s) (same as 親戚 (しんせき)),N2
針路,しんろ,"course, direction",N2
神話,しんわ,"myth, legend",N2
酢,す,vinegar,N2
水産,すいさん,"marine products, fisheries",N2
炊事,すいじ,cooking,N2
水蒸気,すいじょうき,"water vapor, steam",N2
水素,すいそ,hydrogen,N2
垂直,すいちょく,"vertical, perpendicular",N2
推定,すいてい,"presumption, assumption, estimation",N2
水滴,すいてき,drop of water,N2
水筒,すいとう,"canteen, flask, water bottle",N2
随筆,ずいひつ,"essays, miscellaneous writings",N2
水分,すいぶん,moisture,N2
水平,すいへい,"level, horizontal",N2
水平線,すいへいせん,horizon,N2
水面,すいめん,water's surface,N2
水曜,すいよう,Wednesday,N2
図々しい,ずうずうしい,"impudent, shameless",N2
ずうっと,ずうっと,"all the time, all the way",N2
末っ子,すえっこ,youngest child,N2
スカーフ,スカーフ,scarf,N2
図鑑,ずかん,picture book,N2
隙,すき,"unguarded moment, chance",N2
杉,すぎ,Japanese cedar,N2
好き嫌い,すききらい,"likes and dislikes, taste",N2
好き好き,すきずき,matter of taste,N2
透き通る,すきとおる,to be(come) transparent,N2
隙間,すきま,"crack, gap, opening",N2
スクール,スクール,school,N2
少なくとも,すくなくとも,at least,N2
図形,ずけい,figure,N2
鈴,すず,bell,N2
涼む,すずむ,"to cool oneself, to cool off",N2
スタート,スタート,start,N2
スチュワーデス,スチュワーデス,stewardess,N2
すっきり,すっきり,"shapely, clear, neat",N2
ステージ,ステージ,stage; performance,N2
ストッキング,ストッキング,stockings,N2
ストップ,ストップ,stop,N2
素直,すなお,"obedient, meek, docile",N2
頭脳,ずのう,"head, brains, intellect",N2
スピーカー,スピーカー,speaker,N2
図表,ずひょう,"chart, diagram, graph",N2
スマート,スマート,"smart, stylish, slim",N2
住まい,すまい,"dwelling, house",N2
すまない,すまない,sorry (phrase),N2
相撲,すもう,sumo wrestling,N2
スライド,スライド,slide,N2
ずらす,ずらす,"to put off, to delay",N2
ずらり,ずらり,"in a line, in a row",N2
スリッパ,スリッパ,slippers,N2
する,する,to print,N2
狡い,ずるい,"sly, cunning",N2
寸法,すんぽう,"measurement, size, dimension",N2
姓,せい,"surname, family name",N2
税関,ぜいかん,customs,N2
製作,せいさく,"manufacture, production",N2
制作,せいさく,"work (e.g., film, book)",N2
性質,せいしつ,"nature, property, disposition",N2
清書,せいしょ,clean copy,N2
青少年,せいしょうねん,"youth, young person",N2
整数,せいすう,integer,N2
清掃,せいそう,cleaning,N2
生存,せいぞん,"existence, being, survival",N2
生長,せいちょう,growth (of a plant),N2
政党,せいとう,(member of) political party,N2
生年月日,せいねんがっぴ,date of birth,N2
性能,せいのう,"ability, capability",N2
整備,せいび,"maintenance, overhaul",N2
成分,せいぶん,"ingredient, component, composition",N2
性別,せいべつ,"sex, gender",N2
正方形,せいほうけい,square,N2
正門,せいもん,"main gate, main entrance",N2
成立,せいりつ,"formation, establishment, completion",N2
西暦,せいれき,"Christian Era, after (Christ’s) death (A.D.)",N2
背負う,せおう,to be burdened with; to carry on (one's) back or shoulder(s),N2
赤道,せきどう,equator,N2
折角,せっかく,"with trouble, at great pains, long-awaited",N2
接近,せっきん,"getting closer, drawing nearer, approaching",N2
接する,せっする,to attend to (someone); to associate with,N2
せっせと,せっせと,"busily, away",N2
接続,せつぞく,"connection, union, join, link; changing trains",N2
瀬戸物,せともの,"earthenware, crockery, china",N2
ぜひとも,ぜひとも,by all means (with sense of not taking 'no' for an answer),N2
迫る,せまる,"to draw near, to press",N2
ゼミ,ゼミ,seminar,N2
せめて,せめて,at least,N2
攻める,せめる,"to attack, to assault, to assail",N2
セメント,セメント,cement,N2
台詞,せりふ,"speech, words, one's lines, remarks",N2
栓,せん,"stopper, cork, stopcock",N2
前～,ぜん～,"former, late ~, past ~",N2
前後,ぜんご,"front and back, before and after",N2
洗剤,せんざい,"detergent, cleanser, cleaning agent, washing material",N2
全集,ぜんしゅう,complete works,N2
全身,ぜんしん,"whole (body), full-length (e.g., portrait) systemic",N2
扇子,せんす,folding fan,N2
専制,せんせい,"despotism, autocracy",N2
先々月,せんせんげつ,month before last,N2
先々週,せんせんしゅう,2 weeks before,N2
先祖,せんぞ,ancestor,N2
先端,せんたん,"pointed end, tip",N2
センチ,センチ,centimeter,N2
宣伝,せんでん,"publicity, advertisement, advertising, propaganda",N2
先頭,せんとう,"head, lead, vanguard",N2
全般,ぜんぱん,"(the) whole, general",N2
扇風機,せんぷうき,electric fan,N2
洗面,せんめん,"wash up (one's face), have a wash",N2
全力,ぜんりょく,"all one's power, whole energy",N2
線路,せんろ,"line, track, roadbed",N2
総～,そう～,"gross, general, entire",N2
相違,そうい,"difference, discrepancy, variation",N2
そういえば,そういえば,which reminds me ..,N2
雑巾,ぞうきん,"house-cloth, dust cloth",N2
増減,ぞうげん,"increase and decrease, fluctuation",N2
倉庫,そうこ,"storehouse, warehouse",N2
相互,そうご,"mutual, reciprocal",N2
創作,そうさく,"production, creation, work",N2
葬式,そうしき,funeral,N2
造船,ぞうせん,shipbuilding,N2
騒々しい,そうぞうしい,"noisy, boisterous",N2
増大,ぞうだい,"increase, growth",N2
そうっと,そうっと,"softly, cautiously, gently",N2
送別,そうべつ,"farewell, send-off",N2
草履,ぞうり,Japanese sandals (footwear),N2
総理大臣,そうりだいじん,Prime Minister,N2
送料,そうりょう,"postage, carriage",N2
属する,ぞくする,"to belong to, to come under",N2
続々,ぞくぞく,"successively, one after another",N2
速達,そくたつ,"express, special delivery",N2
測定,そくてい,measurement,N2
測量,そくりょう,"measurement, surveying",N2
速力,そくりょく,speed,N2
素質,そしつ,"talent, capability",N2
祖先,そせん,ancestor(s),N2
そそっかしい,そそっかしい,"careless, thoughtless",N2
卒直,そっちょく,"frank, candid, honest",N2
率直,そっちょく,"frank, candid, straightforward, openhearted, direct, outspoken",N2
そのころ,そのころ,"in those days, at that time, then",N2
そのため,そのため,"hence, for that reason",N2
その他,そのほか,besides,N2
そば,そば,soba (buckwheat noodles),N2
剃る,そる,to shave,N2
それなのに,それなのに,"though, although",N2
それなら,それなら,"If that's the case..., If so..., That being the case...",N2
それはいけませんね (かん),それはいけませんね (かん),that's not good,N2
逸れる,それる,"to stray (turn) from subject, to go astray",N2
揃える,そろえる,"to collect, to gather, to get together, to complete (a collection) to arrange, to put in order, to prepare, to get ready to make uniform, to make even, to match",N2
算盤,そろばん,abacus,N2
存じる,ぞんじる,(humble) to know,N2
存ずる,ぞんずる,(humble) to know,N2
損得,そんとく,"loss and gain, advantage and disadvantage",N2
第～,だい～,~th,N2
タイア,タイア,"tire, tyre",N2
だいいち (とりわけ),だいいち (とりわけ),"first, foremost,&nbsp;&nbsp;#1",N2
大学院,だいがくいん,graduate school,N2
大工,だいく,carpenter,N2
体系,たいけい,"system, organization",N2
太鼓,たいこ,"drum, tambourine",N2
対策,たいさく,"counter-plan, counter-measure",N2
大して,たいして,"(not so) much, (not) very",N2
対照,たいしょう,"contrast, antithesis, comparison",N2
大小,だいしょう,size,N2
体制,たいせい,"order, system, structure",N2
体積,たいせき,"capacity, volume",N2
大層,たいそう,"very much, greatly",N2
体操,たいそう,"gymnastics, physical exercises, calisthenics",N2
大分,だいぶん,"considerably, greatly, a lot",N2
大木,たいぼく,large tree,N2
題名,だいめい,"title, caption, heading",N2
代名詞,だいめいし,pronoun,N2
ダイヤグラム,ダイヤグラム,diagram,N2
ダイヤモンド,ダイヤモンド,diamond,N2
ダイヤル,ダイヤル,dial,N2
対立,たいりつ,"confrontation, opposition, antagonism",N2
田植え,たうえ,rice planting,N2
絶えず,たえず,constantly,N2
楕円,だえん,ellipse,N2
高める,たかめる,"to raise, to lift, to boost, to enhance",N2
耕す,たがやす,"to till, to plow, to cultivate",N2
滝,たき,waterfall,N2
蓄える,たくわえる,"to save, to store, to lay in stock",N2
竹,たけ,bamboo,N2
ただいま,ただいま,"Here I am, I'm home!",N2
但し,ただし,"but, however, provided that",N2
畳む,たたむ,"to fold (e.g., clothes, umbrella)",N2
立ち止まる,たちどまる,"to stop, to halt, to stand still",N2
たちまち,たちまち,"instantly, suddenly, all at once",N2
建つ,たつ,"to be erected, to be built",N2
脱線,だっせん,"derailment, digression",N2
妥当,だとう,"proper, appropriate",N2
例える,たとえる,"to compare, to liken",N2
頼もしい,たのもしい,"reliable, promising",N2
足袋,たび,"tabi, Japanese socks (with split toe)",N2
ダブル,ダブル,double,N2
ダム,ダム,dam,N2
溜息,ためいき,a sigh,N2
ためらう,ためらう,to be hesitant,N2
だらしない,だらしない,"slovenly, loose, a slut",N2
足る,たる,"to be sufficient, to be enough",N2
短～,たん～,short ~,N2
段階,だんかい,"gradation, grade, stage",N2
短期,たんき,short term,N2
炭鉱,たんこう,"coal mine, coal pit",N2
短所,たんしょ,"defect, weak point; disadvantage",N2
たんす,たんす,chest of drawers,N2
淡水,たんすい,fresh water,N2
断水,だんすい,water outage,N2
単数,たんすう,singular (number),N2
団地,だんち,housing complex,N2
断定,だんてい,"conclusion, decision",N2
短編,たんぺん,"short (e.g., story, film)",N2
田ぼ,たんぼ,"paddy field, farm",N2
誓う,ちかう,"to swear, to vow",N2
地下水,ちかすい,underground water,N2
近々,ちかぢか,"soon, before long",N2
近付ける,ちかづける,"to bring near, to put close, to let come near",N2
近寄る,ちかよる,"to approach, to draw near",N2
力強い,ちからづよい,"powerful, strong, vigorous",N2
ちぎる,ちぎる,"to cut up fine, to pick (fruit)",N2
地質,ちしつ,geological features,N2
知人,ちじん,"friend, acquaintance",N2
地帯,ちたい,"area, zone",N2
縮む,ちぢむ,"to shrink, to be contracted",N2
縮める,ちぢめる,"to shorten, to reduce, to shrink",N2
縮れる,ちぢれる,"to be wavy, to be curled",N2
チップ,チップ,"gratuity, tip; chip",N2
地点,ちてん,"site, point on a map",N2
地名,ちめい,place name,N2
茶色い,ちゃいろい,brown,N2
着々,ちゃくちゃく,steadily,N2
中間,ちゅうかん,"middle, midway, interim",N2
中旬,ちゅうじゅん,second third of a month,N2
抽象,ちゅうしょう,abstract,N2
中世,ちゅうせい,"Middle Ages, medieval times",N2
中性,ちゅうせい,"neuter gender, neutral",N2
中途,ちゅうと,"in the middle, half-way",N2
中年,ちゅうねん,middle-aged,N2
チョーク,チョーク,chalk,N2
長～,ちょう～,long ~,N2
超過,ちょうか,"excess, being more than",N2
彫刻,ちょうこく,"carving, engraving, sculpture",N2
長所,ちょうしょ,"strong point, merit; advantage",N2
長女,ちょうじょ,eldest daughter,N2
調整,ちょうせい,"regulation, adjustment, tuning",N2
調節,ちょうせつ,"regulation, adjustment, control",N2
長短,ちょうたん,"length, long and short, +-",N2
頂点,ちょうてん,"top, summit",N2
長男,ちょうなん,eldest son,N2
長方形,ちょうほうけい,"rectangle, oblong",N2
調味料,ちょうみりょう,"condiment, seasoning",N2
直後,ちょくご,immediately following,N2
直線,ちょくせん,straight line,N2
直前,ちょくぜん,just before,N2
直通,ちょくつう,direct connection,N2
直流,ちょくりゅう,direct current,N2
貯蔵,ちょぞう,"storage, preservation",N2
直角,ちょっかく,right angle,N2
直径,ちょっけい,diameter,N2
散らかす,ちらかす,"to scatter around, to leave untidy",N2
散らかる,ちらかる,to be in disorder,N2
塵紙,ちりがみ,"tissue paper, toilet paper",N2
追加,ついか,"addition, supplement, appendix",N2
ついで,ついで,"opportunity, occasion",N2
つうか,つうか,currency,N2
通勤,つうきん,commuting to work,N2
通ずる,つうずる,"to lead, to run, to open",N2
通知,つうち,"notice, notification",N2
通帳,つうちょう,bankbook,N2
通訳,つうやく,"interpretation (i.e., oral translation) interpreter",N2
通用,つうよう,"popular use, circulation",N2
通路,つうろ,"passage, pathway",N2
突き当たり,つきあたり,"end (e.g., of street)",N2
突き当たる,つきあたる,"to run into, to collide with",N2
月日,つきひ,"time, years, days",N2
次ぐ,つぐ,"to follow, to come after, to come next (to)",N2
伝わる,つたわる,"to spread (of a rumor, news, etc.), to travel, to circulate, to go around, to be passed around, to become known",N2
突っ込む,つっこむ,"to plunge into, to stick into",N2
務める,つとめる,"to serve, to act",N2
努める,つとめる,"to try, to aim",N2
綱,つな,rope,N2
繋がり,つながり,"connection, link, relationship",N2
繋がる,つながる,"to be tied together, to be connected to, to be linked to",N2
粒,つぶ,grain,N2
潰す,つぶす,"to smash, to waste",N2
潰れる,つぶれる,"to be smashed, to go bankrupt",N2
つまずく,つまずく,"to stumble, to trip",N2
躓く,つまずく,"to trip (over), to stumble",N2
詰まる,つまる,"to be blocked, to be packed",N2
積む,つむ,"to pile up, to stack",N2
爪,つめ,fingernail or toenail,N2
艶,つや,"gloss, glaze",N2
強気,つよき,"firm, strong",N2
釣り合う,つりあう,"to balance, to be in harmony, to suit",N2
吊る,つる,to hang,N2
吊す,つるす,to hang,N2
テーマ,テーマ,"theme, project, topic (GER: Thema)",N2
手洗い,てあらい,"restroom, lavatory",N2
低～,てい～,low ~,N2
定員,ていいん,"fixed number of regular personnel, capacity (e.g., of boat)",N2
定価,ていか,established price,N2
低下,ていか,"fall, decline",N2
定期券,ていきけん,"commuter pass, season ticket",N2
定休日,ていきゅうび,regular holiday,N2
停止,ていし,"suspension, interruption, stoppage",N2
停車,ていしゃ,"stopping (e.g., train)",N2
停電,ていでん,"power outage, electricity outage, blackout",N2
出入り,でいり,"in and out, coming and going",N2
出入口,でいりぐち,exit and entrance,N2
出入り口,でいりぐち,exit and entrance,N2
手入れ,ていれ,"repairs, maintenance",N2
出来上がり,できあがり,"be finished, ready",N2
出来上がる,できあがる,"to be finished, to be ready",N2
的確,てきかく,"precise, accurate",N2
適確,てきかく,"precise, accurate",N2
手首,てくび,wrist,N2
凸凹,でこぼこ,"unevenness, roughness, ruggedness",N2
手頃,てごろ,"moderate, handy",N2
手ごろ,てごろ,"handy, convenient suitable, reasoanble, moderate",N2
弟子,でし,"pupil, disciple, apprentice",N2
でたらめ,でたらめ,"irresponsible utterance, nonsense; random",N2
手帳,てちょう,notebook,N2
鉄橋,てっきょう,iron bridge,N2
手続き,てつづき,"procedure, (legal) process, formalities",N2
鉄砲,てっぽう,gun,N2
テニスコート,テニスコート,tennis court,N2
手拭い,てぬぐい,(hand) towel,N2
手前,てまえ,"before, this side",N2
出迎え,でむかえ,"meeting, reception",N2
出迎える,でむかえる,"to meet, to greet",N2
照らす,てらす,"to shine on, to illuminate",N2
照る,てる,to shine,N2
展開,てんかい,"develop, expansion (opposite of compression)",N2
伝記,でんき,"biography, life story",N2
電球,でんきゅう,light bulb,N2
点数,てんすう,"marks, points, score",N2
伝染,でんせん,contagion,N2
電池,でんち,battery,N2
電柱,でんちゅう,"telephone pole, telegraph pole, light pole",N2
点々,てんてん,"here and there, little by little",N2
転々,てんてん,from one to another,N2
天皇,てんのう,Emperor of Japan,N2
電波,でんぱ,electro-magnetic wave,N2
テンポ,テンポ,tempo,N2
電流,でんりゅう,electric current,N2
電力,でんりょく,electric power,N2
問い合わせ,といあわせ,inquiry,N2
銅,どう,copper,N2
同～,どう～,same ~,N2
どういたしまして (かん),どういたしまして (かん),"you are welcome, don't mention it",N2
統一,とういつ,"unity, consolidation, uniformity",N2
同格,どうかく,"the same rank, equality, apposition",N2
峠,とうげ,"ridge, (mountain) pass, difficult part",N2
統計,とうけい,"scattering, a scatter, dispersion",N2
動作,どうさ,"action, movements, motions",N2
東西,とうざい,"East and West, whole country",N2
当日,とうじつ,"appointed day, very day",N2
投書,とうしょ,"letter to the editor, letter from a reader, contribution",N2
登場,とうじょう,entry (on stage),N2
どうせ,どうせ,"anyhow, in any case, at any rate",N2
灯台,とうだい,lighthouse,N2
盗難,とうなん,"theft, robbery",N2
当番,とうばん,being on duty,N2
等分,とうぶん,division into equal parts,N2
透明,とうめい,"transparency, cleanness",N2
灯油,とうゆ,"lamp oil, kerosene",N2
東洋,とうよう,"the East, the Orient",N2
童話,どうわ,fairy tale,N2
通り掛かる,とおりかかる,to happen to pass by,N2
溶かす,とかす,"to melt, to dissolve",N2
尖る,とがる,"to taper to a point, to become sharp",N2
どきどき,どきどき,"throb, beat (fast)",N2
特殊,とくしゅ,"special, unique",N2
特色,とくしょく,"characteristic, feature",N2
特定,とくてい,"specific, special, particular",N2
特売,とくばい,special sale,N2
溶け込む,とけこむ,to melt into; to become a part of,N2
溶ける,とける,"(intransitive) to melt, to thaw, to fuse, to dissolve",N2
退ける,どける,"to dislodge, to put something out of the way",N2
床の間,とこのま,alcove,N2
所々,ところどころ,"here and there, some parts (of something)",N2
都心,としん,heart (of city),N2
戸棚,とだな,"cupboard, cabinet",N2
とっくに,とっくに,"long ago, already, a long time ago",N2
どっと,どっと,suddenly,N2
整う,ととのう,"to be prepared, to be in order, to be arranged",N2
留まる,とどまる,"to be fixed; to abide, to stay (in the one place)",N2
怒鳴る,どなる,"to shout, to yell",N2
殿,どの,Mister (mostly in addressing someone on an envelope),N2
飛び込む,とびこむ,"to jump in, to leap in, to plunge into",N2
留まる,とまる,"to be fixed; to abide, to stay (in the one place)",N2
泊める,とめる,"to give shelter to, to lodge",N2
ともかく,ともかく,"anyhow, at any rate, anyway",N2
捕える,とらえる,"to seize, to capture, to arrest",N2
取り入れる,とりいれる,"to harvest, to take in, to adopt",N2
取り消す,とりけす,to cancel,N2
取り出す,とりだす,"to take out, to pick out",N2
採る,とる,"to adopt (measure, proposal); to pick (fruit)",N2
捕る,とる,"to take, to catch (fish)",N2
丼,どんぶり,"porcelain bowl, bowl of rice with food on top",N2
内科,ないか,"internist clinic, internal medicine",N2
内線,ないせん,phone extension,N2
ナイロン,ナイロン,nylon,N2
長～,なが～,long ~,N2
仲直り,なかなおり,"reconciliation, make peace with",N2
長引く,ながびく,"to be prolonged, to drag on",N2
中身,なかみ,"contents, interior, filling substance, content",N2
中指,なかゆび,middle finger,N2
仲良し,なかよし,"intimate friend, bosom buddy",N2
慰める,なぐさめる,"to comfort, to console",N2
殴る,なぐる,"to strike, to hit, to beat, to punch",N2
為す,なす,"to accomplish, to do",N2
謎謎,なぞなぞ,riddle,N2
傾らか,なだらか,"gradual, gentle",N2
懐かしい,なつかしい,"dear, desired, missed",N2
撫でる,なでる,"to brush gently, to stroke",N2
斜め,ななめ,"diagonal, oblique",N2
なにしろ,なにしろ,"at any rate, in any case",N2
何しろ,なにしろ,"in any case, at any rate, anyhow, anyway, as you know, for you see, particularly",N2
何々,なになに,"such and such, What?",N2
何分,なにぶん,"by all means, please",N2
生意気,なまいき,"impertinent, impudent",N2
生意気な,なまいきな,"impertinent, saucy, cheeky, impudent, audacious, cocky, pert, brash",N2
並木,なみき,"roadside tree, row of trees",N2
倣う,ならう,"to imitate, to follow, to emulate",N2
生る,なる,to bear fruit,N2
南極,なんきょく,"south pole, Antarctic",N2
なんとなく,なんとなく,"somehow or other, for some reason or another",N2
なんとも,なんとも,"nothing (with neg. verb), quite, not a bit",N2
何とも,なんとも,"really, very, extremely, terribly, awfully (not) anything, (not) at all, (not) a bit",N2
ナンバー,ナンバー,number,N2
南米,なんべい,South America,N2
南北,なんぼく,south and north,N2
匂う,におう,"to be fragrant, to smell",N2
逃がす,にがす,"to let loose, to set free, to let escape",N2
憎い,にくい,"hateful, abominable, detestable",N2
憎む,にくむ,"to hate, to detest",N2
憎らしい,にくらしい,"odious, hateful",N2
にこにこ,にこにこ,"smile sweetly, smiley",N2
濁る,にごる,"to become muddy, to get cloudy",N2
虹,にじ,rainbow,N2
日時,にちじ,date and time,N2
日用品,にちようひん,daily necessities,N2
日課,にっか,"daily work, daily routine",N2
日程,にってい,schedule,N2
鈍い,にぶい,"dull (e.g., a knife), thickheaded, slow (opposite of fast), stupid",N2
入社,にゅうしゃ,entry to a company,N2
女房,にょうぼう,wife,N2
睨む,にらむ,"to glare at, to stare; to keep an eye on",N2
煮る,にる,"to boil, to simmer, to stew, seethe",N2
俄,にわか,"sudden, abrupt, unexpected",N2
縫う,ぬう,to sew,N2
ねじ,ねじ,(a) screw,N2
捩る,ねじる,to twist,N2
ネックレス,ネックレス,necklace,N2
熱する,ねっする,to heat,N2
寝間着,ねまき,"sleep-wear, pajamas",N2
寝巻,ねまき,"sleep-wear, pajamas",N2
狙い,ねらい,aim,N2
狙う,ねらう,to aim at,N2
年度,ねんど,"year, fiscal year",N2
農産物,のうさんぶつ,agricultural produce,N2
農村,のうそん,agricultural community,N2
濃度,のうど,"concentration, density",N2
農薬,のうやく,agricultural chemicals,N2
能率,のうりつ,efficiency,N2
のこぎり,のこぎり,saw,N2
残らず,のこらず,"completely, without exception",N2
上り,のぼり,"up-train (going to Tokyo), ascent",N2
糊,のり,"glue, paste, starch",N2
乗換,のりかえ,"a transfer (e.g., trains, buses)",N2
乗り換え,のりかえ,"(n) transfer (trains, buses, etc.)",N2
乗り越し,のりこし,riding past (one's station),N2
鈍い,のろい,"dull (e.g., a knife), slow (opposite of fast), stupid",N2
のろのろ,のろのろ,"slowly, sluggishly",N2
呑気,のんき,"carefree, optimistic, careless",N2
はい (かん),はい (かん),yes,N2
灰色,はいいろ,"grey, ashen",N2
俳句,はいく,haiku poetry,N2
売店,ばいてん,"shop, stand",N2
バイバイ,バイバイ,bye bye,N2
売買,ばいばい,"trade, buying and selling",N2
這う,はう,"to creep, to crawl",N2
剥す,はがす,"to tear off, to peel off, to rip off",N2
剥がす,はがす,"to tear off, to peel off, to rip off, to strip off, to skin, to flay, to disrobe, to deprive of, to detach, to disconnect",N2
ばからしい,ばからしい,absurd,N2
秤,はかり,"scales, weighing machine",N2
吐き気,はきけ,"nausea, sickness in the stomach",N2
はきはき,はきはき,clearly,N2
掃く,はく,"to sweep, to brush, to gather up",N2
歯車,はぐるま,"gear, cog-wheel",N2
バケツ,バケツ,"bucket, pail",N2
挟まる,はさまる,"to get between, to be caught in",N2
挟む,はさむ,to pinch; to hold between; to insert,N2
梯子,はしご,"ladder, stairs",N2
始めに,はじめに,"to begin with, first of all",N2
初めに,はじめに,"to begin with, first of all",N2
はじめまして,はじめまして,"How do you do, I am glad to meet you",N2
斜,はす,diagonal,N2
外れる,はずれる,"to be disconnected, to get out of place, to be off, to be out (e.g., of gear)",N2
パターン,パターン,pattern,N2
肌着,はだぎ,underwear,N2
果して,はたして,"as was expected, really",N2
果たして,はたして,"as was expected, just as one thought, sure enough",N2
鉢,はち,"a bowl, a pot",N2
発,はつ,"to depart (e.g., on a plane, train)",N2
×,ばつ,cross,N2
発揮,はっき,"exhibition, demonstration, display",N2
バック,バック,back,N2
発想,はっそう,idea; way of thinking (same as 考え方 (かんがえかた)),N2
発電,はつでん,"generation (e.g., power)",N2
発売,はつばい,sale,N2
派手,はで,"showy, loud, flashy, gaudy",N2
話合い,はなしあい,"discussion, talk",N2
話し合い,はなしあい,"discussion, talk, conference",N2
話し掛ける,はなしかける,"to accost a person, to talk (to someone)",N2
話中,はなしちゅう,"while talking, the line is busy",N2
甚だしい,はなはだしい,"extreme, excessive, terrible",N2
花火,はなび,fireworks,N2
花嫁,はなよめ,bride,N2
ばね,ばね,"spring (e.g., coil, leaf)",N2
跳ねる,はねる,"to jump, to leap",N2
破片,はへん,"fragment, broken piece",N2
歯磨き,はみがき,"toothbrushing, toothpaste",N2
はめる,はめる,"(col) to get in, to insert, to put on",N2
早口,はやくち,fast-talking,N2
払い込む,はらいこむ,"to deposit, to pay in",N2
払い戻す,はらいもどす,"to repay, to pay back",N2
針金,はりがね,wire,N2
張り切る,はりきる,"to be in high spirits, to be full of vigor",N2
反～,はん～,"anti ~, counter ~",N2
反映,はんえい,"reflection, influence",N2
半径,はんけい,radius,N2
判子,はんこ,seal (used for signature),N2
万歳,ばんざい,"banzai, Long live ~!",N2
判事,はんじ,"judge, justice",N2
反省,はんせい,"reflection, reconsideration",N2
番地,ばんち,"house number, address",N2
パンツ,パンツ,underpants,N2
バンド,バンド,band,N2
半島,はんとう,peninsula,N2
ハンドル,ハンドル,"handle, steering wheel",N2
非～,ひ～,"anti~, counter~, an~, non~",N2
日当たり,ひあたり,"exposure to the sun, sunny place",N2
日帰り,ひがえり,day trip,N2
比較的,ひかくてき,comparatively; relatively,N2
日陰,ひかげ,shadow,N2
ぴかぴか,ぴかぴか,"glitter, sparkle",N2
引受る,ひきうける,"to undertake, to take up, to take over",N2
引き返す,ひきかえす,"to turn back, to go back, reverse",N2
引算,ひきざん,subtraction,N2
引き出す,ひきだす,"to pull out, to take out, to withdraw",N2
引き止める,ひきとめる,"to keep back, to prevent, to hold back",N2
卑怯,ひきょう,"cowardice, meanness, unfairness",N2
引分け,ひきわけ,"a draw (in competition), tie game",N2
引き分け,ひきわけ,"draw (in competition), tie game",N2
陽射,ひざし,"sunlight, rays of the sun",N2
日差し,ひざし,sunlight,N2
肘,ひじ,elbow,N2
ピストル,ピストル,pistol,N2
ビタミン,ビタミン,vitamin,N2
ぴたり,ぴたり,exactly; close-fitting,N2
引っ掛かる,ひっかかる,"to be caught in, to be stuck in",N2
筆記,ひっき,"note taking, writing",N2
引っ繰り返す,ひっくりかえす,"to turn over, to overturn, to knock over",N2
引っ繰り返る,ひっくりかえる,"to be overturned, to be upset, to topple over, to be reversed",N2
引っ越し,ひっこし,"moving (dwelling, office, etc.), changing residence",N2
引っ込む,ひっこむ,"to draw back, to sink, to cave in",N2
筆者,ひっしゃ,"writer, author",N2
必需品,ひつじゅひん,"necessities, essential",N2
一～,ひと～,one ~,N2
人差指,ひとさしゆび,index finger,N2
一通り,ひととおり,"general, briefly",N2
人通り,ひとどおり,pedestrian traffic,N2
ひとまず,ひとまず,"for the present, once, for the time being",N2
瞳,ひとみ,pupil (of eye),N2
一休み,ひとやすみ,a rest,N2
独り言,ひとりごと,"a soliloquy, a monologue, speaking to oneself",N2
ひとりでに,ひとりでに,"by itself, automatically, naturally",N2
ビニール,ビニール,vinyl,N2
皮肉,ひにく,"cynicism, sarcasm",N2
日日,ひにち,date,N2
日にち,ひにち,"date (of a planned event, act, etc.), day",N2
捻る,ひねる,"to twist, to turn",N2
日の入り,ひのいり,sunset,N2
日の出,ひので,sunrise,N2
響き,ひびき,"echo, sound",N2
響く,ひびく,to resound; to affect,N2
皮膚,ひふ,skin,N2
冷やす,ひやす,"to cool (from room temperature), to chill, to refrigerate",N2
ひゃっかじてん,ひゃっかじてん,encyclopedia,N2
百科事典,ひゃっかじてん,encyclopedia,N2
美容,びよう,beauty of figure or form,N2
表紙,ひょうし,"front cover, binding",N2
標識,ひょうしき,"sign, mark",N2
標準,ひょうじゅん,"standard, level",N2
標本,ひょうほん,"example, specimen",N2
評論,ひょうろん,"criticism, critique",N2
ビルディング,ビルディング,building,N2
昼寝,ひるね,"nap (at home), siesta",N2
広げる,ひろげる,"to spread, to extend, to expand, to enlarge, to widen, to broaden",N2
広さ,ひろさ,extent,N2
広場,ひろば,plaza,N2
広々,ひろびろ,"extensive, spacious",N2
ピンク,ピンク,pink,N2
便箋,びんせん,"writing paper, stationery",N2
瓶詰,びんづめ,"bottling, bottled",N2
ファスナー,ファスナー,"fastener, zipper",N2
風船,ふうせん,balloon,N2
不運,ふうん,"unlucky, misfortune, bad luck",N2
深まる,ふかまる,"to deepen, to heighten, to intensify",N2
不規則,ふきそく,"irregularity, unsteadiness",N2
普及,ふきゅう,"diffusion, spread",N2
付近,ふきん,"neighborhood, vicinity",N2
副～,ふく～,vice ~,N2
副詞,ふくし,adverb,N2
複写,ふくしゃ,"copy, duplicate",N2
複数,ふくすう,"plural, multiple",N2
ふくめる,ふくめる,"to include, to instruct, to make one understand",N2
膨らます,ふくらます,"to swell, to expand, to inflate",N2
膨らむ,ふくらむ,"to expand, to swell (out), to become inflated",N2
不潔,ふけつ,"unclean, dirty",N2
更ける,ふける,"to get late, to wear on",N2
符号,ふごう,"sign, mark, symbol",N2
夫妻,ふさい,"man and wife, married couple",N2
塞がる,ふさがる,"to be plugged up, to be shut up",N2
塞ぐ,ふさぐ,"to stuff, to close up, to block (up)",N2
ふざける,ふざける,"to romp, to gambol, to frolic",N2
無沙汰,ぶさた,neglecting to stay in contact,N2
武士,ぶし,"warrior, samurai",N2
部首,ぶしゅ,radical (of a kanji character),N2
蒸す,ふす,"to steam (food, towel, etc.) to be hot and humid, to be sultry",N2
襖,ふすま,sliding screen,N2
附属,ふぞく,"attached, belonging, affiliated",N2
付属,ふぞく,"being attached (to), being affiliated (to), belonging (to), going with",N2
蓋,ふた,"cover, lid, cap",N2
不通,ふつう,"suspension, interruption, stoppage, tie-up, cessation",N2
物騒,ぶっそう,"dangerous, disturbed, insecure",N2
ぶつぶつ,ぶつぶつ,"grumbling, complaining in a small voice",N2
船便,ふなびん,surface mail (ship),N2
部品,ぶひん,"parts, accessories",N2
吹雪,ふぶき,snow storm,N2
父母,ふぼ,"father and mother, parents",N2
踏切,ふみきり,"railway crossing, level crossing, starting line, scratch, crossover",N2
麓,ふもと,"the foot, the bottom, the base (of a mountain)",N2
フライパン,フライパン,"fry pan, frying pan",N2
ブラウス,ブラウス,blouse,N2
ぶらさげる,ぶらさげる,"to hang, to suspend, to swing",N2
ブラシ,ブラシ,brush,N2
プラットホーム,プラットホーム,platform,N2
フリー,フリー,free,N2
振り仮名,ふりがな,pronunciation key,N2
振り向く,ふりむく,"to turn one's face, to turn around",N2
プリント,プリント,"print, handout",N2
古～,ふる～,old ~,N2
故郷,ふるさと,"home town, birthplace",N2
古里,ふるさと,"home town, birthplace",N2
振舞う,ふるまう,"to behave, to conduct",N2
ブローチ,ブローチ,brooch,N2
プログラム,プログラム,program,N2
風呂敷,ふろしき,"wrapping cloth, cloth wrapper",N2
ふわふわ,ふわふわ,"light, soft",N2
噴火,ふんか,eruption,N2
分解,ぶんかい,"analysis, disassembly",N2
文芸,ぶんげい,"literature, art and literature",N2
文献,ぶんけん,"literature, books (reference)",N2
噴水,ふんすい,water fountain,N2
分数,ぶんすう,fraction (in math),N2
文体,ぶんたい,literary style,N2
分布,ぶんぷ,distribution,N2
文房具,ぶんぼうぐ,stationery,N2
文脈,ぶんみゃく,context,N2
分量,ぶんりょう,"amount, quantity",N2
分類,ぶんるい,classification,N2
閉会,へいかい,closure,N2
平気,へいき,"coolness, calmness, unconcern",N2
並行,へいこう,"(going) side by side, concurrent, at the same time",N2
平日,へいじつ,weekday,N2
兵隊,へいたい,soldier,N2
平凡,へいぼん,"common, ordinary",N2
平野,へいや,"plain, open field",N2
凹む,へこむ,"to be dented, to be indented",N2
へそ,へそ,"navel, belly-button",N2
隔てる,へだてる,to be shut out,N2
別荘,べっそう,villa; vacation home; summer cottage,N2
別々,べつべつ,"separately, individually",N2
ベテラン,ベテラン,veteran,N2
ヘリコプター,ヘリコプター,helicopter,N2
編集,へんしゅう,"editing, compilation, editorial (e.g., committee)",N2
便所,べんじょ,"toilet, lavatory",N2
ペンチ,ペンチ,pliers (lit: pinchers),N2
ボーナス,ボーナス,bonus,N2
防～,ぼう～,~ prevention,N2
望遠鏡,ぼうえんきょう,telescope,N2
方角,ほうがく,"direction, way",N2
箒,ほうき,broom,N2
方言,ほうげん,dialect,N2
坊さん,ぼうさん,"Buddhist priest, monk",N2
防止,ぼうし,"prevention, check",N2
方針,ほうしん,"objective, plan, policy",N2
包装,ほうそう,"packing, wrapping",N2
法則,ほうそく,"law, rule",N2
包帯,ほうたい,bandage,N2
膨大,ぼうだい,"enormous, extensive",N2
包丁,ほうちょう,"kitchen knife, carving knife",N2
方程式,ほうていしき,equation,N2
防犯,ぼうはん,prevention of crime,N2
方面,ほうめん,direction; area,N2
坊や,ぼうや,boy,N2
放る,ほうる,to let go,N2
朗らか,ほがらか,"bright, cheerful, melodious",N2
朗らか(な),ほがらか(な),"cheerful, merry bright (sky, day, etc.), fine, clear",N2
牧場,ぼくじょう,farm (livestock); pasture land,N2
牧畜,ぼくちく,stock-farming,N2
保健,ほけん,"health preservation, hygiene, sanitation",N2
募集,ぼしゅう,recruitment,N2
干す,ほす,"to air, to dry, to drink up",N2
ポスター,ポスター,poster,N2
北極,ほっきょく,North Pole,N2
坊っちゃん,ぼっちゃん,son (of others),N2
解く,ほどく,to unfasten,N2
掘る,ほる,"to dig, to excavate",N2
彫る,ほる,"to carve, to chisel",N2
ぼろ,ぼろ,"rag, tattered clothes",N2
盆,ぼん,Festival of the Dead; tray,N2
盆地,ぼんち,"basin (e.g., between mountains)",N2
ほんの～,ほんの～,"mere, just",N2
本部,ほんぶ,headquarters,N2
本来,ほんらい,"essentially, naturally, by nature",N2
まあまあ,まあまあ,okay; so-so; decent,N2
毎～,まい～,every ~,N2
枚数,まいすう,the number of flat things,N2
毎度,まいど,"each time, common service-sector greeting",N2
まく,まく,"to wind, to coil, to roll",N2
枕,まくら,pillow,N2
曲げる,まげる,"to bend, to crook, to lean",N2
まごまご,まごまご,"confused, be at a loss",N2
摩擦,まさつ,friction; rubbing; chafe,N2
まざる,まざる,"to be mixed, to be blended with, to associate with",N2
まじる,まじる,"to be mixed, to be blended with, to associate with",N2
マスク,マスク,mask,N2
まぜる,まぜる,"to mix, to stir",N2
またぐ,またぐ,to straddle,N2
跨ぐ,またぐ,"to step over/across, to stride over/across, to cross to stretch over, to span, to bridge, to saddle, to straddle",N2
待合室,まちあいしつ,waiting room,N2
待ち合わせる,まちあわせる,"to rendezvous, to meet at a prearranged place and time",N2
街角,まちかど,street corner,N2
真っ暗,まっくら,total darkness,N2
真っ黒,まっくろ,pitch black,N2
真っ青,まっさお,"deep blue, ghastly pale",N2
真っ先,まっさき,"foremost, beginning",N2
真っ白,まっしろ,pure white,N2
祭る,まつる,"to deify, to enshrine",N2
窓口,まどぐち,(ticket) window,N2
真似る,まねる,"to mimic, to imitate",N2
まぶた,まぶた,eyelids,N2
マフラー,マフラー,a winter scarf,N2
間も無く,まもなく,"soon, in a short time",N2
間もなく,まもなく,"soon, shortly, before long, in a short time, in a little while",N2
マラソン,マラソン,marathon,N2
稀,まれ,"rare, seldom",N2
回り道,まわりみち,detour,N2
満員,まんいん,"full house, no vacancy, sold out",N2
マンション,マンション,"multistory apartment house, condominium",N2
満点,まんてん,perfect score,N2
未～,み～,not yet ~,N2
見上げる,みあげる,"to look up at, to admire",N2
見送る,みおくる,to see off; to escort; to let pass,N2
見下ろす,みおろす,"to overlook, to look down on something",N2
見掛け,みかけ,outward appearance,N2
三日月,みかづき,crescent moon,N2
岬,みさき,cape (on coast),N2
みじめ,みじめ,"sad, pitiful, wretched",N2
惨めな,みじめな,"miserable, wretched, unhappy, sad, pitiable",N2
ミシン,ミシン,sewing machine,N2
自ら,みずから,"for one's self, personally",N2
水着,みずぎ,bathing suit (woman's),N2
店屋,みせや,"store, shop",N2
見出し,みだし,"heading, index",N2
道順,みちじゅん,"itinerary, route",N2
みっともない,みっともない,"shameful, indecent",N2
見詰める,みつめる,"to stare at, to gaze at",N2
見直す,みなおす,"to look over again, to review",N2
見慣れる,みなれる,"to become used to seeing, to be familiar with",N2
醜い,みにくい,ugly,N2
実る,みのる,"to bear fruit, to ripen",N2
身分,みぶん,"position, status",N2
見本,みほん,sample,N2
見舞う,みまう,"to ask after (health), to visit",N2
未満,みまん,"less than, insufficient",N2
名字,みょうじ,"surname, family name",N2
ミリ (メートル),ミリ (メートル),milli-,N2
診る,みる,to examine (medically),N2
民間,みんかん,"private, civilian",N2
民主～,みんしゅ～,democratic,N2
民謡,みんよう,"folk song, popular song",N2
無限,むげん,infinite,N2
無地,むじ,plain,N2
蒸し暑い,むしあつい,"humid, sultry",N2
矛盾,むじゅん,"contradiction, inconsistency",N2
無数,むすう,"countless number, infinite number",N2
紫,むらさき,"purple color, violet",N2
群れ,むれ,"crowd, flock, herd",N2
姪,めい,niece,N2
名～,めい～,famous ~,N2
名作,めいさく,masterpiece,N2
名詞,めいし,noun,N2
名刺,めいし,business card,N2
名所,めいしょ,famous place,N2
迷信,めいしん,superstition,N2
命ずる,めいずる,"to command, to appoint",N2
名物,めいぶつ,"famous product, special product, speciality",N2
銘々,めいめい,"each, individual",N2
恵まれる,めぐまれる,"to be blessed with, to be rich in",N2
巡る,めぐる,to go around,N2
目指す,めざす,"to aim at, to have an eye on",N2
目覚し,めざまし,alarm-clock,N2
目下,めした,"at present, now",N2
目印,めじるし,"mark, sign, landmark",N2
目立つ,めだつ,"to be conspicuous, to stand out",N2
めちゃくちゃ,めちゃくちゃ,"absurd, messed up, wrecked",N2
めっきり,めっきり,remarkably,N2
めでたい,めでたい,"happy, propitious, joyous",N2
メニュー,メニュー,menu,N2
めまい,めまい,"dizziness, giddiness",N2
目安,めやす,"criterion, aim",N2
免税,めんぜい,tax exemption,N2
面積,めんせき,area,N2
面接,めんせつ,interview,N2
面倒臭い,めんどうくさい,"bother to do, tiresome",N2
モーター,モーター,motor,N2
儲かる,もうかる,"to be profitable, to yield a profit",N2
儲ける,もうける,"to earn, to have (bear, beget) a child",N2
申し訳ない,もうしわけない,"inexcusable, I am sorry",N2
木材,もくざい,"lumber, timber, wood",N2
目次,もくじ,table of contents,N2
潜る,もぐる,"to dive, to pass through; to evade, to hide",N2
もしかしたら,もしかしたら,"perhaps, maybe, by some chance",N2
もたれる,もたれる,"to lean against, to lean on",N2
凭れる,もたれる,"to lean against, to lean on, to recline on",N2
モダン,モダン,modern,N2
餅,もち,sticky rice cake,N2
モデル,モデル,a fashion model,N2
元々,もともと,"originally, by nature, from the start",N2
物置,ものおき,storage room,N2
物語る,ものがたる,"to tell, to indicate",N2
物差し,ものさし,"ruler, measure",N2
物凄い,ものすごい,"earth-shattering, staggering, to a very great extent",N2
モノレール,モノレール,monorail,N2
紅葉,もみじ,(Japanese) maple,N2
揉む,もむ,"to rub, to crumple (up), to wrinkle",N2
もやす,もやす,to burn,N2
催し,もよおし,"event, festivities, function",N2
盛る,もる,to serve (food); to fill up; to prescribe,N2
問答,もんどう,"questions and answers, dialogue",N2
やかましい,やかましい,"to be fussy, to be overly critical",N2
喧しい,やかましい,"noisy, loud, clamorous, boisterous",N2
夜間,やかん,"at night, nighttime",N2
やかん,やかん,kettle,N2
やかん,やかん,kettle,N2
役者,やくしゃ,actor,N2
役所,やくしょ,"government office, public office",N2
役人,やくにん,government official,N2
薬品,やくひん,"medicine(s), chemical(s)",N2
役目,やくめ,"duty, business",N2
火傷,やけど,"burn, scald",N2
夜行,やこう,"night train, night travel",N2
矢印,やじるし,directing arrow,N2
やたらに,やたらに,"randomly, recklessly, blindly",N2
薬局,やっきょく,"pharmacy, drugstore",N2
やっつける,やっつける,"to attack (an enemy), to beat, to finish off",N2
やっぱり,やっぱり,"after all, anyway",N2
家主,やぬし,landlord,N2
破く,やぶく,to tear,N2
やむをえない,やむをえない,"cannot be helped, unavoidable",N2
軟らかい,やわらかい,"soft, tender, limp",N2
遊園地,ゆうえんち,amusement park,N2
夕刊,ゆうかん,evening paper,N2
友好,ゆうこう,friendship,N2
郵送,ゆうそう,mailing,N2
夕立,ゆうだち,(sudden) evening shower (rain),N2
夕日,ゆうひ,"(in) the evening sun, setting sun",N2
悠々,ゆうゆう,"quiet, calm, leisurely",N2
有料,ゆうりょう,"admission-paid, toll",N2
浴衣,ゆかた,"bathrobe, informal summer kimono",N2
行方,ゆくえ,one's whereabouts,N2
湯気,ゆげ,steam,N2
輸血,ゆけつ,blood transfusion,N2
輸送,ゆそう,"transport, transportation",N2
油断,ゆだん,"negligence, unpreparedness",N2
湯飲み,ゆのみ,teacup,N2
湯飲,ゆのみ,teacup,N2
緩い,ゆるい,"loose, lenient, slow",N2
溶岩,ようがん,lava,N2
容器,ようき,"container, receptacle, vessel, packaging",N2
用語,ようご,"term, terminology",N2
要旨,ようし,"gist, essentials, summary",N2
幼児,ようじ,"infant, baby, child",N2
容積,ようせき,"capacity, volume",N2
幼稚,ようち,"infancy, childish, infantile",N2
幼稚園,ようちえん,kindergarten,N2
用途,ようと,"use, usefulness",N2
洋品店,ようひんてん,clothes store,N2
養分,ようぶん,"nourishment, nutrient",N2
羊毛,ようもう,wool,N2
漸く,ようやく,"at last, finally, hardly",N2
要領,ようりょう,"gist, essentials, outline",N2
翌～,よく～,next ~,N2
欲張り,よくばり,greedy,N2
余計,よけい,"too much, unnecessary, abundance, surplus, excess, superfluity",N2
よこす,よこす,"to send, to forward; to hand over (e.g., money)",N2
よごす,よごす,"(1) to disgrace, to dishonour, (2) to pollute, to contaminate, to soil, to make dirty, to stain",N2
寄せる,よせる,"to come near, to let someone approach to bring near, to bring together, to collect, to gather to deliver (opinion, news, etc.), to send (e.g. a letter), to contribute, to donate to let someone drop by",N2
余所,よそ,"another place, somewhere else, strange parts",N2
四つ角,よつかど,"four corners, crossroads",N2
酔っ払い,よっぱらい,drunkard,N2
予備,よび,"preparation, spare",N2
呼び掛ける,よびかける,"to call out to, to accost, to address (crowd), to appeal",N2
呼び出す,よびだす,"to summon, to call (e.g., phone)",N2
蘇る,よみがえる,"to be resurrected, to be revived",N2
慶ぶ,よろこぶ,"to be delighted, to be glad",N2
来日,らいにち,"coming to Japan, visit to Japan",N2
落第,らくだい,"failure, dropping out of a class",N2
ラッシュアワー,ラッシュアワー,rush hour,N2
欄,らん,"column of text (e.g., as in a newspaper)",N2
ランチ,ランチ,lunch,N2
ランニング,ランニング,running; tank top,N2
乱暴,らんぼう,"rude, violent, rough",N2
理科,りか,science,N2
利害,りがい,"advantages and disadvantages, interest",N2
リズム,リズム,rhythm,N2
リットル,リットル,liter,N2
リポート,リポート,"report, paper",N2
リボン,リボン,ribbon,N2
略す,りゃくす,to abbreviate,N2
流域,りゅういき,(river) basin,N2
寮,りょう,"hostel, dormitory",N2
両～,りょう～,both ~,N2
両側,りょうがわ,both sides,N2
漁師,りょうし,fisherman,N2
領事,りょうじ,consul,N2
領収,りょうしゅう,"receipt, voucher",N2
臨時,りんじ,"temporary, special, extraordinary",N2
留守番,るすばん,"care-taking, caretaker, house-watching",N2
例外,れいがい,exception,N2
零点,れいてん,"zero, no marks",N2
冷凍,れいとう,"freezing, cold storage, refrigeration",N2
レインコート,レインコート,raincoat,N2
レクリェーション,レクリェーション,recreation,N2
レジャー,レジャー,leisure,N2
列島,れっとう,chain of islands,N2
煉瓦,れんが,brick,N2
連合,れんごう,"union, alliance",N2
レンズ,レンズ,lens,N2
ローマ字,ローマじ,"romanization, Roman letters (alphabet)",N2
ろうそく,ろうそく,candle,N2
録音,ろくおん,(audio) recording,N2
ロッカー,ロッカー,locker,N2
ロビー,ロビー,lobby,N2
論ずる,ろんずる,"to argue, to discuss",N2
和～,わ～,Japanese style,N2
和英,わえい,Japanese-English,N2
我～,わが～,our ~,N2
分かれる,わかれる,"to branch, to fork, to diverge to separate, to split, to divide to disperse, to scatter",N2
若々しい,わかわかしい,"youthful, young",N2
詫びる,わびる,to apologize,N2
和服,わふく,Japanese clothes,N2
割合に,わりあいに,"relatively, comparatively",N2
割算,わりざん,division (math),N2
割と,わりと,"relatively, comparatively",N2
割引,わりびき,discount,N2
ワンピース,ワンピース,one-piece dress,N2